{"stats":{"minecraft:crafted":{"minecraft:oak_planks":96,"minecraft:furnace":1,"variantcraftingtables:acacia_crafting_table":2,"minecraft:bone_meal":3,"charm:oak_chest":3,"minecraft:dark_oak_fence":6,"minecraft:stone_pickaxe":1,"minecraft:dark_oak_planks":28,"minecraft:wooden_shovel":1,"minecraft:cooked_porkchop":5,"minecraft:crafting_table":1,"minecraft:wooden_pickaxe":1,"minecraft:iron_helmet":1,"minecraft:iron_sword":1,"minecraft:stone_axe":1,"minecraft:air":0,"minecraft:acacia_boat":1,"minecraft:oak_boat":1,"minecraft:iron_chestplate":2,"minecraft:golden_apple":2,"minecraft:stick":40,"minecraft:iron_ingot":23,"minecraft:iron_pickaxe":1,"minecraft:wooden_axe":3,"minecraft:iron_leggings":2,"minecraft:gold_ingot":1,"minecraft:acacia_planks":104,"minecraft:torch":4},"minecraft:dropped":{"farmersdelight:tomato_seeds":4,"minecraft:iron_ingot":2,"minecraft:spruce_sign":2,"minecraft:cooked_beef":2,"minecraft:cooked_porkchop":3,"minecraft:dark_oak_slab":3,"minecraft:cobblestone":46,"mythic_charms:experience_nugget":7,"minecraft:iron_leggings":1,"farmersdelight:onion":5,"spawnersplus:spawner_fragment":1,"twigs:twig":13,"minecraft:player_head":1,"minecraft:pointed_dripstone":1,"minecraft:stripped_dark_oak_log":2,"minecraft:rotten_flesh":9,"minecraft:leather_chestplate":1,"minecraft:spruce_trapdoor":2,"minecraft:iron_chestplate":1,"minecraft:oak_sapling":2,"minecraft:spider_eye":1},"minecraft:used":{"minecraft:acacia_log":8,"minecraft:shield":1,"minecraft:iron_sword":67,"minecraft:player_head":2,"minecraft:torch":6,"minecraft:dirt":2,"minecraft:spyglass":5,"minecraft:acacia_sapling":3,"minecraft:mossy_cobblestone_stairs":1,"minecraft:wooden_axe":124,"minecraft:dark_oak_planks":2,"minecraft:iron_helmet":1,"charm:oak_chest":2,"variantcraftingtables:acacia_crafting_table":5,"minecraft:furnace":8,"comforts:sleeping_bag_white":4,"minecraft:cooked_beef":2,"minecraft:cherry_log":6,"minecraft:acacia_planks":41,"minecraft:oak_chest_boat":2,"minecraft:brown_bed":1,"minecraft:cooked_mutton":8,"minecraft:acacia_boat":1,"minecraft:stone_pickaxe":31,"minecraft:oak_planks":25,"minecraft:wooden_pickaxe":10,"minecraft:blue_bed":1,"minecraft:stonecutter":2,"minecraft:crafting_table":4,"minecraft:dark_oak_door":1,"minecraft:oak_log":18,"minecraft:flower_pot":1,"minecraft:apple":9,"minecraft:dark_oak_log":14,"minecraft:bread":25,"minecraft:string":2,"minecraft:iron_pickaxe":189,"minecraft:gravel":1,"twigs:twig":1,"minecraft:stone_axe":130,"minecraft:cooked_porkchop":4,"minecraft:dark_oak_fence":6,"minecraft:oak_boat":1,"minecraft:bone_meal":3},"minecraft:killed_by":{"minecraft:husk":1,"minecraft:creeper":1,"minecraft:pillager":1,"minecraft:vindicator":2,"minecraft:skeleton":3,"minecraft:zombie":2},"minecraft:picked_up":{"minecraft:fishing_rod":1,"minecraft:crafting_table":4,"minecraft:black_carpet":92,"minecraft:flower_pot":1,"minecraft:lead":1,"minecraft:brown_bed":1,"minecraft:stone_brick_stairs":2,"spawnersplus:spawner_fragment":2,"minecraft:shield":2,"variantcraftingtables:acacia_crafting_table":3,"minecraft:string":8,"minecraft:red_bed":1,"minecraft:iron_axe":1,"minecraft:flint_and_steel":1,"minecraft:armor_stand":2,"minecraft:iron_shovel":1,"minecraft:candle":4,"comforts:sleeping_bag_white":4,"minecraft:beef":13,"minecraft:player_head":1,"minecraft:iron_pickaxe":1,"minecraft:sugar_cane":4,"minecraft:birch_sapling":1,"minecraft:spruce_trapdoor":5,"minecraft:furnace":7,"minecraft:dark_oak_door":1,"minecraft:dark_oak_sapling":1,"minecraft:raw_iron":54,"minecraft:torch":4,"minecraft:acacia_log":34,"minecraft:note_block":1,"minecraft:porkchop":6,"minecraft:cherry_log":48,"minecraft:pointed_dripstone":2,"minecraft:arrow":3,"mythic_charms:experience_nugget":36,"minecraft:rotten_flesh":13,"minecraft:oak_chest_boat":3,"minecraft:gold_ingot":1,"minecraft:mutton":8,"minecraft:cobblestone":66,"minecraft:white_wool":5,"minecraft:birch_log":7,"minecraft:cooked_beef":5,"minecraft:water_bucket":1,"minecraft:leather":2,"minecraft:oak_log":58,"minecraft:lapis_lazuli":11,"minecraft:yellow_bed":1,"minecraft:dirt":2,"minecraft:gunpowder":1,"minecraft:blue_bed":1,"minecraft:cooked_mutton":8,"minecraft:red_carpet":36,"minecraft:bone":1,"minecraft:acacia_planks":12,"minecraft:apple":1,"minecraft:stone_bricks":20,"minecraft:bow":1,"minecraft:stonecutter":2,"minecraft:iron_ingot":23,"minecraft:dark_oak_sign":2,"minecraft:oak_planks":1,"minecraft:iron_sword":1,"twigs:twig":23,"minecraft:acacia_sapling":14,"minecraft:dark_oak_stairs":1,"minecraft:book":30,"minecraft:dark_oak_slab":3,"minecraft:cooked_porkchop":3,"minecraft:brush":1,"minecraft:spyglass":1,"minecraft:gravel":1,"minecraft:spider_eye":1,"minecraft:dark_oak_log":3,"minecraft:iron_hoe":1,"minecraft:diamond":1,"minecraft:mossy_cobblestone_stairs":1,"minecraft:painting":1,"minecraft:cherry_sapling":10,"minecraft:golden_apple":1,"minecraft:gray_wool":1,"minecraft:emerald":1,"minecraft:spruce_sign":8,"minecraft:oak_sapling":2,"minecraft:stripped_dark_oak_log":3,"minecraft:coal":113},"minecraft:broken":{"minecraft:stone_axe":1,"minecraft:wooden_axe":2},"minecraft:custom":{"minecraft:interact_with_smithing_table":1,"minecraft:mob_kills":23,"minecraft:interact_with_crafting_table":34,"minecraft:open_barrel":6,"minecraft:leave_game":1,"minecraft:time_since_death":47307,"minecraft:climb_one_cm":3447,"minecraft:sprint_one_cm":714375,"minecraft:walk_one_cm":287688,"minecraft:damage_blocked_by_shield":195,"minecraft:drop":38,"minecraft:play_noteblock":1,"minecraft:talked_to_villager":9,"minecraft:play_time":139864,"minecraft:deaths":10,"minecraft:sneak_time":1579,"minecraft:walk_under_water_one_cm":29014,"minecraft:interact_with_lectern":2,"minecraft:boat_one_cm":179801,"minecraft:jump":3756,"minecraft:interact_with_brewingstand":1,"minecraft:interact_with_blast_furnace":1,"minecraft:walk_on_water_one_cm":26413,"minecraft:total_world_time":139864,"minecraft:interact_with_furnace":35,"minecraft:tune_noteblock":13,"minecraft:pot_flower":1,"minecraft:sleep_in_bed":7,"minecraft:time_since_rest":8231,"minecraft:damage_taken":4142,"minecraft:damage_dealt":2866,"minecraft:swim_one_cm":28210,"minecraft:fly_one_cm":804986,"minecraft:open_chest":60,"minecraft:crouch_one_cm":4956,"minecraft:interact_with_smoker":1,"minecraft:fall_one_cm":105711},"minecraft:killed":{"naturalist:lion":1,"minecraft:spider":1,"naturalist:boar":3,"minecraft:skeleton":1,"naturalist:butterfly":1,"minecraft:creeper":1,"minecraft:sheep":6,"minecraft:zombie":3,"minecraft:cow":5},"minecraft:mined":{"minecraft:red_carpet":36,"minecraft:candle":1,"minecraft:cherry_log":55,"minecraft:dark_oak_log":5,"minecraft:spruce_trapdoor":3,"minecraft:acacia_log":36,"minecraft:grass_block":4,"twigs:twig":1,"frostiful:hot_sun_lichen":2,"minecraft:spawner":1,"comforts:sleeping_bag_white":1,"minecraft:potted_dark_oak_sapling":1,"minecraft:furnace":7,"minecraft:mossy_cobblestone_stairs":1,"variantcraftingtables:acacia_crafting_table":4,"minecraft:iron_ore":46,"minecraft:cobbled_deepslate":6,"minecraft:black_carpet":92,"minecraft:dark_oak_stairs":2,"minecraft:brown_bed":1,"minecraft:bookshelf":10,"minecraft:cobblestone_slab":1,"minecraft:deepslate_iron_ore":2,"minecraft:oxidized_cut_copper_slab":1,"minecraft:stone":73,"twigs:opaline_seashell":1,"minecraft:acacia_leaves":2,"minecraft:red_bed":1,"minecraft:stripped_dark_oak_log":1,"minecraft:powder_snow":14,"minecraft:crafting_table":4,"minecraft:note_block":1,"minecraft:torch":1,"minecraft:mushroom_stem":8,"minecraft:tall_grass":4,"minecraft:cobblestone":6,"minecraft:lapis_ore":2,"minecraft:oak_planks":1,"minecraft:sugar_cane":1,"minecraft:blue_bed":1,"minecraft:wall_torch":3,"minecraft:coarse_dirt":1,"minecraft:birch_log":7,"twigs:tangerine_seashell":1,"minecraft:birch_leaves":3,"minecraft:yellow_bed":1,"minecraft:stone_brick_stairs":3,"minecraft:cracked_deepslate_tiles":2,"minecraft:grass":10,"minecraft:oak_log":85,"minecraft:coal_ore":32,"minecraft:gravel":1,"minecraft:dirt":1,"minecraft:cracked_stone_bricks":1,"minecraft:acacia_planks":15,"minecraft:stonecutter":2,"minecraft:stone_bricks":25,"minecraft:mossy_stone_bricks":3}},"DataVersion":3465}