{"stats":{"minecraft:picked_up":{"minecraft:wooden_axe":1,"minecraft:iron_chestplate":1,"minecraft:wheat":21,"minecraft:flower_pot":1,"mythic_charms:deepslate_fragment":8,"minecraft:smithing_table":1,"minecraft:brown_bed":1,"expandeddelight:peanut":1,"minecraft:string":4,"minecraft:raw_copper":117,"minecraft:iron_leggings":1,"minecraft:cobbled_deepslate":57,"comforts:sleeping_bag_white":4,"twigs:pebble":2,"minecraft:rose_bush":2,"minecraft:written_book":1,"minecraft:coal_block":2,"minecraft:furnace":1,"minecraft:dark_oak_door":1,"minecraft:stick":1,"farmersdelight:rotten_tomato":2,"minecraft:torch":2,"minecraft:acacia_log":21,"spawn:tuna_chunk":1,"minecraft:pink_carpet":4,"twigs:bamboo_leaves":1,"minecraft:porkchop":7,"minecraft:cherry_log":23,"minecraft:pointed_dripstone":1,"minecraft:rotten_flesh":23,"farmersdelight:onion":30,"supplementaries:antique_ink":2,"supplementaries:ash":4,"twigs:tangerine_seashell":1,"minecraft:cod":2,"minecraft:cobblestone":117,"minecraft:birch_log":8,"minecraft:leather_chestplate":1,"minecraft:feather":8,"minecraft:cooked_beef":2,"minecraft:cherry_planks":3,"minecraft:andesite":5,"minecraft:dark_oak_boat":2,"minecraft:tuff":3,"supplementaries:flax_seeds":6,"naturalist:lizard_tail":1,"minecraft:lapis_lazuli":36,"farmersdelight:tomato":30,"minecraft:dirt":15,"hybrid-aquatic:sponge_chunk":1,"minecraft:bone":5,"minecraft:acacia_planks":3,"minecraft:wheat_seeds":80,"minecraft:raw_gold":14,"adventurez:raw_venison":8,"minecraft:bamboo":7,"minecraft:moss_block":1,"twigs:twig":48,"naturalist:snail_shell":1,"minecraft:cooked_porkchop":1,"promenade:duck":2,"minecraft:sand":4,"minecraft:ink_sac":1,"minecraft:lily_of_the_valley":7,"winterly:cryomarble_shard":9,"minecraft:dark_oak_log":401,"naturalist:duck_egg":1,"minecraft:diamond":2,"minecraft:granite":1,"minecraft:white_concrete":20,"minecraft:emerald":4,"minecraft:oak_sapling":3,"twigs:rhyolite":6,"twigs:petrified_lichen":2,"minecraft:wooden_pickaxe":1,"minecraft:chain":1,"variantcraftingtables:acacia_crafting_table":3,"hybrid-aquatic:lobster_claw":1,"minecraft:red_bed":1,"minecraft:wooden_sword":1,"minecraft:beef":3,"minecraft:player_head":1,"minecraft:birch_sapling":1,"minecraft:spruce_trapdoor":1,"minecraft:dark_oak_sapling":43,"minecraft:raw_iron":106,"naturalist:duck":2,"farmersdelight:tomato_seeds":26,"mythic_charms:experience_nugget":94,"minecraft:arrow":2,"minecraft:hay_block":22,"culturaldelights:squid":1,"minecraft:black_banner":4,"minecraft:skeleton_skull":2,"minecraft:leather":13,"minecraft:oak_log":14,"minecraft:cobbled_deepslate_stairs":8,"minecraft:blue_bed":2,"naturalist:bass":1,"minecraft:apple":1,"minecraft:stone_bricks":1,"minecraft:iron_ingot":3,"minecraft:acacia_sapling":11,"minecraft:dark_oak_stairs":5,"minecraft:book":102,"minecraft:dark_oak_slab":3,"minecraft:pumpkin":10,"hybrid-aquatic:opah":1,"minecraft:dripstone_block":1,"minecraft:gravel":3,"minecraft:spider_eye":1,"minecraft:slime_ball":10,"minecraft:cherry_sapling":13,"minecraft:coal":107},"minecraft:dropped":{"minecraft:iron_sword":1,"hybrid-aquatic:opah":1,"minecraft:chain":1,"farmersdelight:onion":1,"minecraft:wooden_sword":2,"minecraft:sand":4,"twigs:twig":2,"minecraft:bone":5,"minecraft:stone_axe":1,"minecraft:cherry_sapling":13,"minecraft:rotten_flesh":12,"minecraft:acacia_sapling":4,"minecraft:arrow":2,"minecraft:written_book":1,"farmersdelight:tomato_seeds":9,"minecraft:wheat_seeds":3,"minecraft:dripstone_block":1,"minecraft:feather":6,"minecraft:cobblestone":4,"naturalist:bass":1,"minecraft:wooden_axe":2,"twigs:rhyolite":6,"farmersdelight:rotten_tomato":1,"twigs:petrified_lichen":2,"minecraft:player_head":1,"minecraft:bowl":1,"minecraft:tuff":2,"winterly:cryomarble_shard":1,"minecraft:shield":1,"minecraft:flower_pot":1,"minecraft:spruce_trapdoor":1,"minecraft:andesite":1,"minecraft:golden_leggings":1,"minecraft:stone_pickaxe":2,"minecraft:wooden_pickaxe":2,"farmersdelight:tomato":1},"minecraft:crafted":{"naturalist:cooked_duck":1,"minecraft:oak_planks":32,"minecraft:dark_oak_boat":1,"inmis:baby_backpack":1,"minecraft:cobblestone_stairs":4,"variantcraftingtables:acacia_crafting_table":2,"naturalist:cooked_lizard_tail":1,"minecraft:dark_oak_door":3,"winterly:cryomarble":2,"winterly:cryomarble_pickaxe":1,"minecraft:chest":1,"variantcraftingtables:cherry_crafting_table":1,"farmersdelight:tomato_seeds":8,"minecraft:cooked_porkchop":4,"minecraft:crafting_table":2,"charm:dark_oak_chest":1,"minecraft:wooden_pickaxe":2,"minecraft:birch_pressure_plate":2,"hybrid-aquatic:cooked_lobster":1,"minecraft:red_wool":3,"minecraft:birch_planks":16,"hybrid-aquatic:raw_lobster":1,"charm:acacia_chest":2,"minecraft:charcoal":128,"minecraft:shield":2,"minecraft:stick":244,"minecraft:iron_ingot":94,"minecraft:iron_pickaxe":1,"minecraft:stone_sword":1,"comforts:sleeping_bag_red":2,"minecraft:cherry_planks":92,"minecraft:wooden_sword":1,"comforts:sleeping_bag_white":3,"minecraft:furnace":2,"minecraft:ladder":87,"minecraft:stone_pickaxe":4,"minecraft:dark_oak_planks":152,"minecraft:wheat":198,"minecraft:red_dye":4,"culturaldelights:cooked_squid":1,"minecraft:iron_sword":1,"minecraft:bucket":1,"winterly:cryomarble_sword":1,"minecraft:stone_axe":5,"minecraft:air":0,"minecraft:acacia_boat":1,"minecraft:bread":49,"minecraft:white_dye":7,"betterend:iron_hammer":1,"minecraft:wooden_axe":2,"minecraft:acacia_planks":52,"minecraft:torch":60,"adventurez:cooked_venison":4},"minecraft:mined":{"winterly:raw_cryomarble_shard":9,"minecraft:cobbled_deepslate_stairs":8,"minecraft:cherry_log":24,"minecraft:granite":2,"universal_ores:tuff_gold_ore":5,"minecraft:acacia_log":21,"minecraft:grass_block":3,"twigs:twig":3,"minecraft:white_concrete":20,"minecraft:coal_block":2,"hybrid-aquatic:tube_sponge":1,"universal_ores:andesite_coal_ore":29,"variantcraftingtables:acacia_crafting_table":2,"minecraft:iron_ore":46,"minecraft:cobbled_deepslate":4,"minecraft:pumpkin":10,"minecraft:deepslate_lapis_ore":1,"minecraft:dark_oak_stairs":4,"minecraft:brown_bed":1,"minecraft:pointed_dripstone":1,"universal_ores:diorite_iron_ore":12,"minecraft:red_bed":1,"minecraft:dead_bush":2,"minecraft:mushroom_stem":6,"minecraft:spruce_wall_sign":1,"minecraft:cobblestone":7,"frostiful:icicle":3,"minecraft:wall_torch":2,"minecraft:deepslate_copper_ore":18,"minecraft:skeleton_skull":2,"minecraft:seagrass":1,"minecraft:chain":1,"minecraft:dark_oak_slab":3,"minecraft:dark_oak_door":2,"minecraft:birch_log":20,"minecraft:wheat":26,"minecraft:grass":207,"minecraft:oak_log":20,"minecraft:sand":1,"minecraft:dirt":1,"twigs:rhyolite":9,"minecraft:red_mushroom_block":3,"minecraft:deepslate":40,"minecraft:tuff":3,"farmersdelight:onions":8,"minecraft:dark_oak_leaves":1,"minecraft:deepslate_diamond_ore":2,"universal_ores:andesite_iron_ore":2,"minecraft:dark_oak_log":414,"farmersdelight:tomatoes":1,"minecraft:spruce_leaves":5,"frostiful:hot_sun_lichen":2,"minecraft:moss_block":1,"minecraft:sandstone":1,"minecraft:hay_block":22,"minecraft:furnace":1,"minecraft:andesite":5,"minecraft:bookshelf":34,"minecraft:deepslate_iron_ore":47,"minecraft:vine":4,"minecraft:bamboo":1,"minecraft:stone":65,"fastpaintings:painting":1,"minecraft:smithing_table":1,"minecraft:cherry_planks":3,"minecraft:lily_of_the_valley":7,"universal_ores:granite_lapis_ore":4,"minecraft:rose_bush":2,"twigs:petrified_lichen":2,"minecraft:tall_grass":14,"minecraft:copper_ore":14,"minecraft:deepslate_gold_ore":9,"farmersdelight:wild_tomatoes":16,"minecraft:blue_bed":2,"supplementaries:urn":14,"twigs:tangerine_seashell":1,"minecraft:black_wall_banner":4,"minecraft:birch_leaves":5,"hybrid-aquatic:message_in_a_bottle":1,"minecraft:coal_ore":52,"minecraft:gravel":2,"minecraft:dripstone_block":1,"minecraft:cobweb":3,"minecraft:acacia_planks":1,"minecraft:stone_bricks":1,"universal_ores:tuff_iron_ore":3,"minecraft:fern":31},"minecraft:broken":{"minecraft:stone_axe":2},"minecraft:custom":{"minecraft:interact_with_crafting_table":52,"minecraft:open_barrel":26,"minecraft:leave_game":9,"minecraft:time_since_death":15088,"minecraft:sprint_one_cm":681301,"minecraft:damage_blocked_by_shield":995,"minecraft:drop":51,"minecraft:talked_to_villager":11,"minecraft:play_time":289859,"minecraft:deaths":5,"minecraft:jump":3762,"minecraft:walk_on_water_one_cm":71846,"minecraft:interact_with_furnace":65,"minecraft:sleep_in_bed":15,"minecraft:damage_dealt":20936,"minecraft:crouch_one_cm":30284,"minecraft:interact_with_smithing_table":2,"minecraft:mob_kills":105,"minecraft:climb_one_cm":18214,"minecraft:walk_one_cm":525643,"minecraft:sneak_time":12335,"minecraft:walk_under_water_one_cm":33485,"minecraft:boat_one_cm":70791,"minecraft:interact_with_blast_furnace":2,"minecraft:total_world_time":289859,"minecraft:tune_noteblock":53,"minecraft:interact_with_grindstone":1,"minecraft:interact_with_stonecutter":3,"minecraft:time_since_rest":5064,"minecraft:damage_taken":3304,"minecraft:damage_absorbed":10,"minecraft:swim_one_cm":50570,"minecraft:fly_one_cm":685637,"minecraft:open_chest":164,"minecraft:fall_one_cm":92310},"minecraft:used":{"minecraft:iron_shovel":7,"minecraft:ladder":27,"minecraft:shield":23,"minecraft:iron_sword":170,"minecraft:iron_chestplate":1,"minecraft:birch_pressure_plate":2,"farmersdelight:tomato":3,"farmersdelight:rotten_tomato":1,"minecraft:stone_brick_stairs":2,"minecraft:stone_bricks":4,"minecraft:dark_oak_boat":2,"minecraft:written_book":2,"variantcraftingtables:acacia_crafting_table":4,"minecraft:furnace":2,"winterly:cryomarble_pickaxe":28,"adventurez:cooked_venison":3,"minecraft:stone_pickaxe":148,"minecraft:wooden_pickaxe":27,"culturaldelights:cooked_squid":1,"minecraft:blue_bed":2,"winterly:cryomarble_sword":248,"naturalist:duck_egg":1,"minecraft:golden_apple":2,"minecraft:mushroom_stew":1,"minecraft:cobbled_deepslate_stairs":8,"minecraft:bread":29,"minecraft:wooden_sword":35,"naturalist:cooked_duck":1,"minecraft:white_concrete":4,"minecraft:stone_sword":47,"minecraft:torch":30,"minecraft:dirt":4,"minecraft:iron_hoe":59,"minecraft:wooden_axe":14,"minecraft:iron_axe":96,"comforts:sleeping_bag_white":4,"farmersdelight:tomato_seeds":9,"minecraft:cooked_beef":1,"minecraft:acacia_planks":8,"minecraft:cobbled_deepslate":9,"minecraft:iron_leggings":1,"minecraft:wheat_seeds":62,"minecraft:acacia_boat":1,"minecraft:water_bucket":48,"minecraft:cobblestone_stairs":4,"minecraft:cherry_planks":37,"farmersdelight:onion":23,"minecraft:crafting_table":2,"minecraft:red_bed":1,"minecraft:dark_oak_door":1,"minecraft:oak_log":4,"edenring:guide_book":1,"betterend:iron_hammer":29,"minecraft:iron_pickaxe":229,"minecraft:stone_axe":528,"minecraft:cobblestone":71,"charm:acacia_chest":2,"minecraft:cooked_porkchop":5,"minecraft:bucket":49,"naturalist:cooked_lizard_tail":1,"hybrid-aquatic:cooked_lobster":1},"minecraft:killed":{"naturalist:zebra":1,"hybrid-aquatic:lobster":1,"hybrid-aquatic:basking_shark":1,"minecraft:spider":3,"naturalist:boar":4,"naturalist:snail":5,"minecraft:skeleton":3,"friendsandfoes:glare":2,"spawn:ant":3,"hybrid-aquatic:hermit_crab":1,"hybrid-aquatic:sea_nettle":4,"naturalist:snake":1,"hybrid-aquatic:horseshoe_crab":1,"minecraft:sheep":1,"minecraft:zombie":27,"minecraft:cow":2,"spawn:hamster":1,"promenade:duck":2,"naturalist:duck":2,"friendsandfoes:mauler":2,"naturalist:bass":1,"naturalist:cardinal":2,"minecraft:husk":18,"naturalist:bear":3,"hybrid-aquatic:opah":1,"naturalist:butterfly":1,"naturalist:lizard_tail":1,"hybrid-aquatic:barrel_jellyfish":1,"minecraft:squid":1,"adventurez:deer":5,"spawn:tuna":1,"friendsandfoes:moobloom":1,"naturalist:lizard":1},"minecraft:killed_by":{"minecraft:creeper":1,"minecraft:zombie":2,"minecraft:husk":2}},"DataVersion":3465}