{"stats":{"minecraft:custom":{"minecraft:mob_kills":57,"minecraft:interact_with_crafting_table":38,"minecraft:open_barrel":4,"minecraft:leave_game":4,"minecraft:time_since_death":91640,"minecraft:climb_one_cm":11244,"minecraft:sprint_one_cm":412841,"minecraft:walk_one_cm":259437,"minecraft:damage_blocked_by_shield":780,"minecraft:drop":20,"minecraft:talked_to_villager":9,"minecraft:play_time":123776,"minecraft:sneak_time":4995,"minecraft:deaths":3,"minecraft:walk_under_water_one_cm":21099,"minecraft:boat_one_cm":10998,"minecraft:jump":2021,"minecraft:interact_with_blast_furnace":2,"minecraft:walk_on_water_one_cm":33211,"minecraft:total_world_time":123776,"minecraft:interact_with_furnace":39,"minecraft:tune_noteblock":53,"minecraft:interact_with_grindstone":1,"minecraft:interact_with_stonecutter":1,"minecraft:sleep_in_bed":6,"minecraft:time_since_rest":3252,"minecraft:damage_taken":1835,"minecraft:damage_absorbed":10,"minecraft:damage_dealt":6946,"minecraft:swim_one_cm":42540,"minecraft:fly_one_cm":424589,"minecraft:open_chest":89,"minecraft:crouch_one_cm":10396,"minecraft:fall_one_cm":51231},"minecraft:dropped":{"hybrid-aquatic:opah":1,"minecraft:dripstone_block":1,"minecraft:wooden_axe":2,"minecraft:wooden_sword":2,"twigs:rhyolite":5,"minecraft:stone_axe":1,"minecraft:player_head":1,"minecraft:rotten_flesh":2,"minecraft:flower_pot":1,"minecraft:shield":1,"minecraft:spruce_trapdoor":1,"minecraft:acacia_sapling":4,"minecraft:stone_pickaxe":2,"minecraft:wooden_pickaxe":2,"minecraft:written_book":1},"minecraft:killed":{"spawn:hamster":1,"promenade:duck":2,"hybrid-aquatic:lobster":1,"hybrid-aquatic:basking_shark":1,"naturalist:duck":2,"naturalist:boar":2,"naturalist:snail":4,"friendsandfoes:glare":1,"friendsandfoes:mauler":2,"naturalist:bass":1,"spawn:ant":3,"hybrid-aquatic:hermit_crab":1,"naturalist:cardinal":2,"hybrid-aquatic:sea_nettle":4,"naturalist:bear":1,"hybrid-aquatic:opah":1,"naturalist:snake":1,"naturalist:butterfly":1,"naturalist:lizard_tail":1,"hybrid-aquatic:barrel_jellyfish":1,"hybrid-aquatic:horseshoe_crab":1,"minecraft:squid":1,"minecraft:sheep":1,"adventurez:deer":5,"minecraft:zombie":12,"spawn:tuna":1,"naturalist:lizard":1,"minecraft:cow":2},"minecraft:crafted":{"comforts:sleeping_bag_red":2,"minecraft:wooden_sword":1,"minecraft:oak_planks":32,"inmis:baby_backpack":1,"comforts:sleeping_bag_white":3,"variantcraftingtables:acacia_crafting_table":2,"naturalist:cooked_lizard_tail":1,"minecraft:dark_oak_door":3,"minecraft:ladder":87,"minecraft:stone_pickaxe":4,"minecraft:chest":1,"minecraft:dark_oak_planks":120,"minecraft:wheat":99,"minecraft:red_dye":4,"minecraft:cooked_porkchop":1,"minecraft:crafting_table":1,"charm:dark_oak_chest":1,"minecraft:wooden_pickaxe":2,"culturaldelights:cooked_squid":1,"minecraft:red_wool":3,"minecraft:bucket":1,"minecraft:stone_axe":5,"minecraft:bread":33,"minecraft:acacia_boat":1,"minecraft:air":0,"charm:acacia_chest":2,"minecraft:shield":2,"minecraft:white_dye":7,"betterend:iron_hammer":1,"minecraft:stick":244,"minecraft:iron_ingot":28,"minecraft:wooden_axe":2,"minecraft:stone_sword":1,"minecraft:acacia_planks":52,"minecraft:torch":16,"adventurez:cooked_venison":4},"minecraft:killed_by":{"minecraft:husk":1,"minecraft:creeper":1,"minecraft:zombie":1},"minecraft:used":{"minecraft:stone_sword":47,"minecraft:ladder":27,"minecraft:shield":14,"minecraft:iron_sword":83,"minecraft:iron_chestplate":1,"minecraft:torch":10,"minecraft:dirt":4,"minecraft:wooden_axe":14,"farmersdelight:tomato":3,"minecraft:iron_axe":55,"minecraft:written_book":2,"variantcraftingtables:acacia_crafting_table":4,"comforts:sleeping_bag_white":1,"minecraft:cooked_beef":1,"minecraft:cobbled_deepslate":6,"minecraft:acacia_planks":8,"minecraft:iron_leggings":1,"minecraft:acacia_boat":1,"minecraft:water_bucket":4,"adventurez:cooked_venison":3,"minecraft:stone_pickaxe":148,"minecraft:wooden_pickaxe":27,"culturaldelights:cooked_squid":1,"minecraft:blue_bed":2,"naturalist:duck_egg":1,"minecraft:golden_apple":2,"minecraft:red_bed":1,"minecraft:crafting_table":1,"minecraft:dark_oak_door":1,"minecraft:cobbled_deepslate_stairs":8,"minecraft:oak_log":4,"minecraft:bread":11,"betterend:iron_hammer":24,"minecraft:stone_axe":528,"minecraft:wooden_sword":35,"minecraft:cobblestone":1,"charm:acacia_chest":2,"minecraft:cooked_porkchop":2,"minecraft:bucket":5,"naturalist:cooked_lizard_tail":1,"minecraft:white_concrete":4},"minecraft:picked_up":{"minecraft:wooden_axe":1,"minecraft:iron_chestplate":1,"minecraft:flower_pot":1,"mythic_charms:deepslate_fragment":1,"minecraft:wooden_pickaxe":1,"minecraft:brown_bed":1,"variantcraftingtables:acacia_crafting_table":3,"hybrid-aquatic:lobster_claw":1,"minecraft:string":1,"minecraft:red_bed":1,"minecraft:wooden_sword":1,"minecraft:iron_leggings":1,"minecraft:cobbled_deepslate":12,"comforts:sleeping_bag_white":1,"minecraft:beef":3,"minecraft:rose_bush":2,"minecraft:written_book":1,"minecraft:player_head":1,"minecraft:coal_block":2,"minecraft:spruce_trapdoor":1,"minecraft:dark_oak_door":1,"minecraft:dark_oak_sapling":43,"minecraft:stick":1,"minecraft:raw_iron":33,"naturalist:duck":2,"minecraft:acacia_log":21,"spawn:tuna_chunk":1,"minecraft:porkchop":4,"farmersdelight:tomato_seeds":7,"minecraft:pointed_dripstone":1,"mythic_charms:experience_nugget":69,"minecraft:rotten_flesh":10,"minecraft:hay_block":11,"culturaldelights:squid":1,"twigs:tangerine_seashell":1,"minecraft:cod":2,"minecraft:cobblestone":74,"minecraft:birch_log":1,"minecraft:leather_chestplate":1,"minecraft:feather":5,"minecraft:cooked_beef":2,"minecraft:andesite":4,"minecraft:leather":12,"minecraft:oak_log":14,"supplementaries:flax_seeds":4,"minecraft:cobbled_deepslate_stairs":8,"naturalist:lizard_tail":1,"minecraft:lapis_lazuli":29,"minecraft:dirt":15,"farmersdelight:tomato":3,"minecraft:blue_bed":2,"hybrid-aquatic:sponge_chunk":1,"naturalist:bass":1,"minecraft:acacia_planks":3,"minecraft:apple":1,"minecraft:wheat_seeds":1,"adventurez:raw_venison":8,"minecraft:iron_ingot":3,"twigs:twig":47,"minecraft:moss_block":1,"minecraft:acacia_sapling":11,"minecraft:dark_oak_stairs":5,"minecraft:book":102,"minecraft:dark_oak_slab":3,"minecraft:cooked_porkchop":1,"minecraft:pumpkin":10,"promenade:duck":2,"hybrid-aquatic:opah":1,"minecraft:dripstone_block":1,"minecraft:gravel":1,"minecraft:ink_sac":1,"minecraft:lily_of_the_valley":7,"minecraft:dark_oak_log":401,"naturalist:duck_egg":1,"minecraft:slime_ball":10,"minecraft:granite":1,"minecraft:white_concrete":20,"minecraft:oak_sapling":3,"twigs:rhyolite":5,"minecraft:coal":91},"minecraft:broken":{"minecraft:stone_axe":2},"minecraft:mined":{"minecraft:dark_oak_leaves":1,"minecraft:cobbled_deepslate_stairs":8,"minecraft:dark_oak_log":414,"minecraft:granite":1,"minecraft:acacia_log":21,"twigs:twig":2,"minecraft:white_concrete":20,"minecraft:coal_block":2,"hybrid-aquatic:tube_sponge":1,"minecraft:spruce_leaves":5,"minecraft:moss_block":1,"minecraft:hay_block":11,"universal_ores:andesite_coal_ore":29,"variantcraftingtables:acacia_crafting_table":2,"minecraft:iron_ore":17,"minecraft:cobbled_deepslate":2,"minecraft:andesite":4,"minecraft:pumpkin":10,"minecraft:dark_oak_stairs":4,"minecraft:brown_bed":1,"minecraft:bookshelf":34,"minecraft:pointed_dripstone":1,"minecraft:deepslate_iron_ore":10,"minecraft:vine":4,"minecraft:stone":33,"fastpaintings:painting":1,"universal_ores:diorite_iron_ore":6,"minecraft:red_bed":1,"minecraft:lily_of_the_valley":7,"universal_ores:granite_lapis_ore":4,"minecraft:rose_bush":2,"minecraft:dead_bush":2,"minecraft:mushroom_stem":6,"minecraft:spruce_wall_sign":1,"minecraft:tall_grass":1,"farmersdelight:wild_tomatoes":7,"minecraft:blue_bed":2,"supplementaries:urn":2,"minecraft:seagrass":1,"minecraft:dark_oak_slab":3,"minecraft:dark_oak_door":2,"minecraft:birch_log":14,"twigs:tangerine_seashell":1,"minecraft:birch_leaves":5,"hybrid-aquatic:message_in_a_bottle":1,"minecraft:grass":12,"minecraft:oak_log":20,"minecraft:coal_ore":36,"minecraft:dirt":1,"minecraft:dripstone_block":1,"minecraft:cobweb":3,"twigs:rhyolite":5,"minecraft:acacia_planks":1,"minecraft:red_mushroom_block":3,"minecraft:deepslate":1}},"DataVersion":3465}